time,goal_x,goal_y,x,y,er_x,er_y
time, goal_x, goal_y, x, y 
time, goal_x, goal_y, x, y 
time, goal_x, goal_y, x, y 
time, goal_x, goal_y, x, y 
time, goal_x, goal_y, x, y 
time, goal_x, goal_y, x, y 
time, goal_x, goal_y, x, y 
time, goal_x, goal_y, x, y 
time, goal_x, goal_y, x, y 
time, goal_x, goal_y, x, y 
time, goal_x, goal_y, x, y 
time, goal_x, goal_y, x, y 
time, goal_x, goal_y, x, y 
time, goal_x, goal_y, x, y 
time, goal_x, goal_y, x, y 
time, goal_x, goal_y, x, y 
time, goal_x, goal_y, x, y 
time, goal_x, goal_y, x, y 
time, goal_x, goal_y, x, y 
time, goal_x, goal_y, x, y 
time, goal_x, goal_y, x, y 
time, goal_x, goal_y, x, y 
time, goal_x, goal_y, x, y 
time, goal_x, goal_y, x, y 
time, goal_x, goal_y, x, y 
time, goal_x, goal_y, x, y 
time, goal_x, goal_y, x, y 
time, goal_x, goal_y, x, y 
time, goal_x, goal_y, x, y 
time, goal_x, goal_y, x, y 
time, goal_x, goal_y, x, y 
time, goal_x, goal_y, x, y 
time, goal_x, goal_y, x, y 
time, goal_x, goal_y, x, y 
time, goal_x, goal_y, x, y 
time, goal_x, goal_y, x, y 
time, goal_x, goal_y, x, y 
time, goal_x, goal_y, x, y 
time, goal_x, goal_y, x, y 
time, goal_x, goal_y, x, y 
time, goal_x, goal_y, x, y 
time, goal_x, goal_y, x, y 
time, goal_x, goal_y, x, y 
time, goal_x, goal_y, x, y 
time, goal_x, goal_y, x, y 
time, goal_x, goal_y, x, y 
time, goal_x, goal_y, x, y 
time, goal_x, goal_y, x, y 
time, goal_x, goal_y, x, y 
time, goal_x, goal_y, x, y 
time, goal_x, goal_y, x, y 
time, goal_x, goal_y, x, y 
time, goal_x, goal_y, x, y 
time, goal_x, goal_y, x, y 
time, goal_x, goal_y, x, y 
time, goal_x, goal_y, x, y 
time, goal_x, goal_y, x, y 
time, goal_x, goal_y, x, y 
time, goal_x, goal_y, x, y 
time, goal_x, goal_y, x, y 
time, goal_x, goal_y, x, y 
time, goal_x, goal_y, x, y 
time, goal_x, goal_y, x, y 
time, goal_x, goal_y, x, y 
time, goal_x, goal_y, x, y 
time, goal_x, goal_y, x, y 
time, goal_x, goal_y, x, y 
time, goal_x, goal_y, x, y 
time, goal_x, goal_y, x, y 
time, goal_x, goal_y, x, y 
time, goal_x, goal_y, x, y 
time, goal_x, goal_y, x, y 
time, goal_x, goal_y, x, y 
time, goal_x, goal_y, x, y 
time, goal_x, goal_y, x, y 
time, goal_x, goal_y, x, y 
time, goal_x, goal_y, x, y 
time, goal_x, goal_y, x, y 
time, goal_x, goal_y, x, y 
time, goal_x, goal_y, x, y 
time, goal_x, goal_y, x, y 
time, goal_x, goal_y, x, y 
time, goal_x, goal_y, x, y 
time, goal_x, goal_y, x, y 
time, goal_x, goal_y, x, y 
time, goal_x, goal_y, x, y 
time, goal_x, goal_y, x, y 
time, goal_x, goal_y, x, y 
27.812,5.101407748711265,2.4651502945994195,5.242494415037984,0.9802157843786911,4.960321082384545,3.9500848048201482
28.062,5.0954553856101406,2.4931327714243325,5.2331479457030134,1.0269765536964306,4.957762825517267,3.9592889891522347
28.312,5.172743774546371,2.5222008121506754,5.227591374303154,1.0691348151891351,5.117896174789588,3.9752668091122154
28.562,5.257412907644417,2.5439123604059484,5.224899760690434,1.1176957283117912,5.2899260545984,3.970128992500105
28.812,5.418545261685754,2.549853640021048,5.22567761962525,1.160276987146818,5.611412903746258,3.9394302928952776
29.062,5.5005540650170905,2.5566642383327975,5.230199191306545,1.208746600192272,5.770908938727636,3.904581876473323
29.312,5.581113969413148,2.562368294981116,5.237301458617639,1.2506912896575568,5.924926480208657,3.874045300304675
29.562,5.660099578045465,2.5576303593690977,5.249004340173448,1.2979620040076938,6.071194815917481,3.817298714730501
29.812,5.809798785868219,2.515363181991872,5.26235239574373,1.3382108845731586,6.357245175992709,3.6925154794105857
30.062,5.889862040235327,2.5104785287163223,5.281155614696232,1.383222179371155,6.498568465774421,3.6377348780614893
30.312,5.959217515826081,2.4891750977766742,5.300338501065707,1.4209614470928913,6.618096530586454,3.5573887484604576
30.562,6.032900246675691,2.463746540233986,5.325710641793579,1.462543133122994,6.740089851557804,3.4649499473449774
30.812,6.160010585344194,2.400214565614699,5.350507713955605,1.4971310309053778,6.969513456732782,3.30329810032402
31.062,6.225338662633132,2.3653078602995103,5.381714588095264,1.534305258943177,7.068962737171001,3.1963104616558438
31.312,6.289593719950938,2.334766435909226,5.411426069761317,1.5647186767410644,7.16776137014056,3.1048141950773878
31.562,6.350435453506028,2.2989367912373586,5.447967510188343,1.5969077762469297,7.252903396823713,3.0009658062277875
31.812,6.449672351816854,2.207049684812522,5.481842587578302,1.622473246268156,7.417502116055406,2.791626123356888
32.062,6.509510503006078,2.1672620509167464,5.522860801526931,1.648837049210934,7.496160204485227,2.6856870526225585
32.312,6.561983846205721,2.1248416094576936,5.560126117643032,1.6690752987379873,7.563841574768411,2.5806079201774
32.562,6.609021191086487,2.0746967784185504,5.604577310481447,1.6889877630834271,7.613465071691529,2.460405793753674
time, goal_x, goal_y, x, y 
time, goal_x, goal_y, x, y 
time, goal_x, goal_y, x, y 
time, goal_x, goal_y, x, y 
time, goal_x, goal_y, x, y 
time, goal_x, goal_y, x, y 
time, goal_x, goal_y, x, y 
time, goal_x, goal_y, x, y 
time, goal_x, goal_y, x, y 
35.062,6.896062012269385,2.4197795862506233,6.011027539048315,1.8680094823740858,7.781096485490456,2.971549690127161
35.312,6.913832143243787,2.4795356619850466,6.044333314666348,1.8936640307162724,7.783330971821226,3.0654072932538208
time, goal_x, goal_y, x, y 
time, goal_x, goal_y, x, y 
time, goal_x, goal_y, x, y 
time, goal_x, goal_y, x, y 
time, goal_x, goal_y, x, y 
time, goal_x, goal_y, x, y 
time, goal_x, goal_y, x, y 
time, goal_x, goal_y, x, y 
time, goal_x, goal_y, x, y 
time, goal_x, goal_y, x, y 
time, goal_x, goal_y, x, y 
time, goal_x, goal_y, x, y 
time, goal_x, goal_y, x, y 
time, goal_x, goal_y, x, y 
39.062,7.016869401182891,3.6400310146229105,6.496510973751273,2.363279980875273,7.537227828614508,4.916782048370548
39.312,6.993835915138949,3.7186231698180547,6.508461386493355,2.403733287923376,7.4792104437845435,5.033513051712733
time, goal_x, goal_y, x, y 
time, goal_x, goal_y, x, y 
time, goal_x, goal_y, x, y 
time, goal_x, goal_y, x, y 
time, goal_x, goal_y, x, y 
time, goal_x, goal_y, x, y 
time, goal_x, goal_y, x, y 
time, goal_x, goal_y, x, y 
time, goal_x, goal_y, x, y 
time, goal_x, goal_y, x, y 
time, goal_x, goal_y, x, y 
time, goal_x, goal_y, x, y 
time, goal_x, goal_y, x, y 
time, goal_x, goal_y, x, y 
time, goal_x, goal_y, x, y 
time, goal_x, goal_y, x, y 
time, goal_x, goal_y, x, y 
time, goal_x, goal_y, x, y 
time, goal_x, goal_y, x, y 
time, goal_x, goal_y, x, y 
time, goal_x, goal_y, x, y 
time, goal_x, goal_y, x, y 
time, goal_x, goal_y, x, y 
time, goal_x, goal_y, x, y 
time, goal_x, goal_y, x, y 
time, goal_x, goal_y, x, y 
time, goal_x, goal_y, x, y 
time, goal_x, goal_y, x, y 
time, goal_x, goal_y, x, y 
time, goal_x, goal_y, x, y 
time, goal_x, goal_y, x, y 
time, goal_x, goal_y, x, y 
time, goal_x, goal_y, x, y 
time, goal_x, goal_y, x, y 
time, goal_x, goal_y, x, y 
time, goal_x, goal_y, x, y 
time, goal_x, goal_y, x, y 
time, goal_x, goal_y, x, y 
time, goal_x, goal_y, x, y 
time, goal_x, goal_y, x, y 
time, goal_x, goal_y, x, y 
time, goal_x, goal_y, x, y 
time, goal_x, goal_y, x, y 
time, goal_x, goal_y, x, y 
time, goal_x, goal_y, x, y 
time, goal_x, goal_y, x, y 
time, goal_x, goal_y, x, y 
time, goal_x, goal_y, x, y 
time, goal_x, goal_y, x, y 
time, goal_x, goal_y, x, y 
time, goal_x, goal_y, x, y 
time, goal_x, goal_y, x, y 
time, goal_x, goal_y, x, y 
time, goal_x, goal_y, x, y 
time, goal_x, goal_y, x, y 
time, goal_x, goal_y, x, y 
time, goal_x, goal_y, x, y 
time, goal_x, goal_y, x, y 
time, goal_x, goal_y, x, y 
time, goal_x, goal_y, x, y 
time, goal_x, goal_y, x, y 
time, goal_x, goal_y, x, y 
time, goal_x, goal_y, x, y 
time, goal_x, goal_y, x, y 
time, goal_x, goal_y, x, y 
time, goal_x, goal_y, x, y 
time, goal_x, goal_y, x, y 
time, goal_x, goal_y, x, y 
time,goal_x,goal_y,x,y,er_x,er_y
time, goal_x, goal_y, x, y 
time, goal_x, goal_y, x, y 
time, goal_x, goal_y, x, y 
time, goal_x, goal_y, x, y 
time, goal_x, goal_y, x, y 
time, goal_x, goal_y, x, y 
time, goal_x, goal_y, x, y 
time, goal_x, goal_y, x, y 
time, goal_x, goal_y, x, y 
time, goal_x, goal_y, x, y 
time, goal_x, goal_y, x, y 
time, goal_x, goal_y, x, y 
time, goal_x, goal_y, x, y 
time, goal_x, goal_y, x, y 
time, goal_x, goal_y, x, y 
time, goal_x, goal_y, x, y 
time, goal_x, goal_y, x, y 
time, goal_x, goal_y, x, y 
time, goal_x, goal_y, x, y 
time, goal_x, goal_y, x, y 
time, goal_x, goal_y, x, y 
time, goal_x, goal_y, x, y 
time, goal_x, goal_y, x, y 
time, goal_x, goal_y, x, y 
time, goal_x, goal_y, x, y 
time, goal_x, goal_y, x, y 
time, goal_x, goal_y, x, y 
time, goal_x, goal_y, x, y 
time, goal_x, goal_y, x, y 
time, goal_x, goal_y, x, y 
time, goal_x, goal_y, x, y 
time, goal_x, goal_y, x, y 
time, goal_x, goal_y, x, y 
time, goal_x, goal_y, x, y 
time, goal_x, goal_y, x, y 
time, goal_x, goal_y, x, y 
time, goal_x, goal_y, x, y 
time, goal_x, goal_y, x, y 
time, goal_x, goal_y, x, y 
time, goal_x, goal_y, x, y 
time, goal_x, goal_y, x, y 
time, goal_x, goal_y, x, y 
time, goal_x, goal_y, x, y 
time, goal_x, goal_y, x, y 
time, goal_x, goal_y, x, y 
time, goal_x, goal_y, x, y 
time, goal_x, goal_y, x, y 
time, goal_x, goal_y, x, y 
time, goal_x, goal_y, x, y 
time, goal_x, goal_y, x, y 
time, goal_x, goal_y, x, y 
time, goal_x, goal_y, x, y 
time, goal_x, goal_y, x, y 
time, goal_x, goal_y, x, y 
time, goal_x, goal_y, x, y 
time, goal_x, goal_y, x, y 
time, goal_x, goal_y, x, y 
time, goal_x, goal_y, x, y 
time, goal_x, goal_y, x, y 
time, goal_x, goal_y, x, y 
time, goal_x, goal_y, x, y 
time, goal_x, goal_y, x, y 
time, goal_x, goal_y, x, y 
time, goal_x, goal_y, x, y 
time, goal_x, goal_y, x, y 
time, goal_x, goal_y, x, y 
time, goal_x, goal_y, x, y 
time, goal_x, goal_y, x, y 
time, goal_x, goal_y, x, y 
time, goal_x, goal_y, x, y 
time, goal_x, goal_y, x, y 
time, goal_x, goal_y, x, y 
time, goal_x, goal_y, x, y 
time, goal_x, goal_y, x, y 
time, goal_x, goal_y, x, y 
time, goal_x, goal_y, x, y 
time, goal_x, goal_y, x, y 
time, goal_x, goal_y, x, y 
time, goal_x, goal_y, x, y 
time, goal_x, goal_y, x, y 
time, goal_x, goal_y, x, y 
time, goal_x, goal_y, x, y 
time, goal_x, goal_y, x, y 
time, goal_x, goal_y, x, y 
time, goal_x, goal_y, x, y 
time, goal_x, goal_y, x, y 
time, goal_x, goal_y, x, y 
time, goal_x, goal_y, x, y 
time, goal_x, goal_y, x, y 
time, goal_x, goal_y, x, y 
time, goal_x, goal_y, x, y 
time, goal_x, goal_y, x, y 
time, goal_x, goal_y, x, y 
time, goal_x, goal_y, x, y 
time, goal_x, goal_y, x, y 
time, goal_x, goal_y, x, y 
time, goal_x, goal_y, x, y 
time, goal_x, goal_y, x, y 
time, goal_x, goal_y, x, y 
time, goal_x, goal_y, x, y 
time, goal_x, goal_y, x, y 
time, goal_x, goal_y, x, y 
time, goal_x, goal_y, x, y 
time, goal_x, goal_y, x, y 
time, goal_x, goal_y, x, y 
time, goal_x, goal_y, x, y 
time, goal_x, goal_y, x, y 
time, goal_x, goal_y, x, y 
time, goal_x, goal_y, x, y 
time, goal_x, goal_y, x, y 
time, goal_x, goal_y, x, y 
time, goal_x, goal_y, x, y 
time, goal_x, goal_y, x, y 
time, goal_x, goal_y, x, y 
time, goal_x, goal_y, x, y 
time, goal_x, goal_y, x, y 
time, goal_x, goal_y, x, y 
time, goal_x, goal_y, x, y 
time, goal_x, goal_y, x, y 
time, goal_x, goal_y, x, y 
time, goal_x, goal_y, x, y 
time, goal_x, goal_y, x, y 
time, goal_x, goal_y, x, y 
time, goal_x, goal_y, x, y 
time, goal_x, goal_y, x, y 
time, goal_x, goal_y, x, y 
time, goal_x, goal_y, x, y 
time, goal_x, goal_y, x, y 
time, goal_x, goal_y, x, y 
time, goal_x, goal_y, x, y 
time, goal_x, goal_y, x, y 
time, goal_x, goal_y, x, y 
time, goal_x, goal_y, x, y 
time, goal_x, goal_y, x, y 
time, goal_x, goal_y, x, y 
time, goal_x, goal_y, x, y 
time, goal_x, goal_y, x, y 
time, goal_x, goal_y, x, y 
time, goal_x, goal_y, x, y 
time, goal_x, goal_y, x, y 
time, goal_x, goal_y, x, y 
time, goal_x, goal_y, x, y 
time, goal_x, goal_y, x, y 
time, goal_x, goal_y, x, y 
time, goal_x, goal_y, x, y 
time, goal_x, goal_y, x, y 
time, goal_x, goal_y, x, y 
time, goal_x, goal_y, x, y 
time, goal_x, goal_y, x, y 
time, goal_x, goal_y, x, y 
time, goal_x, goal_y, x, y 
time, goal_x, goal_y, x, y 
time, goal_x, goal_y, x, y 
time, goal_x, goal_y, x, y 
time, goal_x, goal_y, x, y 
time, goal_x, goal_y, x, y 
time, goal_x, goal_y, x, y 
time, goal_x, goal_y, x, y 
time, goal_x, goal_y, x, y 
time, goal_x, goal_y, x, y 
time, goal_x, goal_y, x, y 
time, goal_x, goal_y, x, y 
time, goal_x, goal_y, x, y 
time, goal_x, goal_y, x, y 
time, goal_x, goal_y, x, y 
time, goal_x, goal_y, x, y 
time, goal_x, goal_y, x, y 
time, goal_x, goal_y, x, y 
time, goal_x, goal_y, x, y 
time, goal_x, goal_y, x, y 
time, goal_x, goal_y, x, y 
time, goal_x, goal_y, x, y 
time, goal_x, goal_y, x, y 
time, goal_x, goal_y, x, y 
time, goal_x, goal_y, x, y 
time, goal_x, goal_y, x, y 
time, goal_x, goal_y, x, y 
time, goal_x, goal_y, x, y 
time, goal_x, goal_y, x, y 
time, goal_x, goal_y, x, y 
time, goal_x, goal_y, x, y 
time, goal_x, goal_y, x, y 
time, goal_x, goal_y, x, y 
time, goal_x, goal_y, x, y 
time, goal_x, goal_y, x, y 
time, goal_x, goal_y, x, y 
time, goal_x, goal_y, x, y 
time, goal_x, goal_y, x, y 
time, goal_x, goal_y, x, y 
time, goal_x, goal_y, x, y 
time, goal_x, goal_y, x, y 
time, goal_x, goal_y, x, y 
time, goal_x, goal_y, x, y 
time, goal_x, goal_y, x, y 
time, goal_x, goal_y, x, y 
time, goal_x, goal_y, x, y 
time, goal_x, goal_y, x, y 
time,goal_x,goal_y,x,y,er_x,er_y
time, goal_x, goal_y, x, y 
time, goal_x, goal_y, x, y 
time, goal_x, goal_y, x, y 
time, goal_x, goal_y, x, y 
time, goal_x, goal_y, x, y 
time, goal_x, goal_y, x, y 
time, goal_x, goal_y, x, y 
time, goal_x, goal_y, x, y 
time, goal_x, goal_y, x, y 
time, goal_x, goal_y, x, y 
time, goal_x, goal_y, x, y 
time, goal_x, goal_y, x, y 
time, goal_x, goal_y, x, y 
time, goal_x, goal_y, x, y 
time, goal_x, goal_y, x, y 
time, goal_x, goal_y, x, y 
time, goal_x, goal_y, x, y 
time, goal_x, goal_y, x, y 
time, goal_x, goal_y, x, y 
time, goal_x, goal_y, x, y 
time, goal_x, goal_y, x, y 
time, goal_x, goal_y, x, y 
time, goal_x, goal_y, x, y 
time, goal_x, goal_y, x, y 
time, goal_x, goal_y, x, y 
time, goal_x, goal_y, x, y 
time, goal_x, goal_y, x, y 
time, goal_x, goal_y, x, y 
time, goal_x, goal_y, x, y 
time, goal_x, goal_y, x, y 
time, goal_x, goal_y, x, y 
time, goal_x, goal_y, x, y 
time, goal_x, goal_y, x, y 
time, goal_x, goal_y, x, y 
time, goal_x, goal_y, x, y 
time, goal_x, goal_y, x, y 
time, goal_x, goal_y, x, y 
time, goal_x, goal_y, x, y 
time, goal_x, goal_y, x, y 
time, goal_x, goal_y, x, y 
time, goal_x, goal_y, x, y 
time, goal_x, goal_y, x, y 
time, goal_x, goal_y, x, y 
time, goal_x, goal_y, x, y 
time, goal_x, goal_y, x, y 
time, goal_x, goal_y, x, y 
time, goal_x, goal_y, x, y 
time, goal_x, goal_y, x, y 
time, goal_x, goal_y, x, y 
time, goal_x, goal_y, x, y 
time, goal_x, goal_y, x, y 
time, goal_x, goal_y, x, y 
time, goal_x, goal_y, x, y 
time, goal_x, goal_y, x, y 
time, goal_x, goal_y, x, y 
time, goal_x, goal_y, x, y 
time, goal_x, goal_y, x, y 
time, goal_x, goal_y, x, y 
time, goal_x, goal_y, x, y 
time, goal_x, goal_y, x, y 
time, goal_x, goal_y, x, y 
time, goal_x, goal_y, x, y 
time, goal_x, goal_y, x, y 
time, goal_x, goal_y, x, y 
time, goal_x, goal_y, x, y 
time, goal_x, goal_y, x, y 
time, goal_x, goal_y, x, y 
time, goal_x, goal_y, x, y 
time, goal_x, goal_y, x, y 
time, goal_x, goal_y, x, y 
time, goal_x, goal_y, x, y 
time, goal_x, goal_y, x, y 
time, goal_x, goal_y, x, y 
time, goal_x, goal_y, x, y 
time, goal_x, goal_y, x, y 
time, goal_x, goal_y, x, y 
time, goal_x, goal_y, x, y 
time, goal_x, goal_y, x, y 
time, goal_x, goal_y, x, y 
time, goal_x, goal_y, x, y 
time, goal_x, goal_y, x, y 
time, goal_x, goal_y, x, y 
time, goal_x, goal_y, x, y 
time, goal_x, goal_y, x, y 
time, goal_x, goal_y, x, y 
time, goal_x, goal_y, x, y 
time, goal_x, goal_y, x, y 
time, goal_x, goal_y, x, y 
time, goal_x, goal_y, x, y 
time, goal_x, goal_y, x, y 
time, goal_x, goal_y, x, y 
time, goal_x, goal_y, x, y 
time, goal_x, goal_y, x, y 
time, goal_x, goal_y, x, y 
time, goal_x, goal_y, x, y 
time, goal_x, goal_y, x, y 
time, goal_x, goal_y, x, y 
time, goal_x, goal_y, x, y 
time, goal_x, goal_y, x, y 
time, goal_x, goal_y, x, y 
time, goal_x, goal_y, x, y 
time, goal_x, goal_y, x, y 
time, goal_x, goal_y, x, y 
time, goal_x, goal_y, x, y 
time, goal_x, goal_y, x, y 
time, goal_x, goal_y, x, y 
time, goal_x, goal_y, x, y 
time, goal_x, goal_y, x, y 
time, goal_x, goal_y, x, y 
time, goal_x, goal_y, x, y 
time, goal_x, goal_y, x, y 
time, goal_x, goal_y, x, y 
time, goal_x, goal_y, x, y 
time, goal_x, goal_y, x, y 
time, goal_x, goal_y, x, y 
time, goal_x, goal_y, x, y 
time,goal_x,goal_y,x,y,er_x,er_y
time, goal_x, goal_y, x, y 
time, goal_x, goal_y, x, y 
time, goal_x, goal_y, x, y 
time, goal_x, goal_y, x, y 
time, goal_x, goal_y, x, y 
time, goal_x, goal_y, x, y 
time, goal_x, goal_y, x, y 
time, goal_x, goal_y, x, y 
time, goal_x, goal_y, x, y 
time, goal_x, goal_y, x, y 
time, goal_x, goal_y, x, y 
time, goal_x, goal_y, x, y 
time, goal_x, goal_y, x, y 
time, goal_x, goal_y, x, y 
time, goal_x, goal_y, x, y 
time, goal_x, goal_y, x, y 
time, goal_x, goal_y, x, y 
time, goal_x, goal_y, x, y 
time, goal_x, goal_y, x, y 
time, goal_x, goal_y, x, y 
time, goal_x, goal_y, x, y 
time, goal_x, goal_y, x, y 
time, goal_x, goal_y, x, y 
time, goal_x, goal_y, x, y 
time, goal_x, goal_y, x, y 
time, goal_x, goal_y, x, y 
time, goal_x, goal_y, x, y 
time, goal_x, goal_y, x, y 
time, goal_x, goal_y, x, y 
time, goal_x, goal_y, x, y 
time, goal_x, goal_y, x, y 
time, goal_x, goal_y, x, y 
time, goal_x, goal_y, x, y 
time, goal_x, goal_y, x, y 
time, goal_x, goal_y, x, y 
time, goal_x, goal_y, x, y 
time, goal_x, goal_y, x, y 
time, goal_x, goal_y, x, y 
time, goal_x, goal_y, x, y 
time, goal_x, goal_y, x, y 
time, goal_x, goal_y, x, y 
time, goal_x, goal_y, x, y 
time, goal_x, goal_y, x, y 
time, goal_x, goal_y, x, y 
time, goal_x, goal_y, x, y 
time, goal_x, goal_y, x, y 
time, goal_x, goal_y, x, y 
time, goal_x, goal_y, x, y 
time, goal_x, goal_y, x, y 
time, goal_x, goal_y, x, y 
time, goal_x, goal_y, x, y 
time, goal_x, goal_y, x, y 
time, goal_x, goal_y, x, y 
time, goal_x, goal_y, x, y 
time, goal_x, goal_y, x, y 
time, goal_x, goal_y, x, y 
time, goal_x, goal_y, x, y 
time, goal_x, goal_y, x, y 
time, goal_x, goal_y, x, y 
time, goal_x, goal_y, x, y 
time, goal_x, goal_y, x, y 
time, goal_x, goal_y, x, y 
time, goal_x, goal_y, x, y 
time, goal_x, goal_y, x, y 
time, goal_x, goal_y, x, y 
time, goal_x, goal_y, x, y 
time, goal_x, goal_y, x, y 
time, goal_x, goal_y, x, y 
time, goal_x, goal_y, x, y 
time, goal_x, goal_y, x, y 
time, goal_x, goal_y, x, y 
time, goal_x, goal_y, x, y 
time, goal_x, goal_y, x, y 
time, goal_x, goal_y, x, y 
time, goal_x, goal_y, x, y 
time, goal_x, goal_y, x, y 
time, goal_x, goal_y, x, y 
time, goal_x, goal_y, x, y 
time, goal_x, goal_y, x, y 
time, goal_x, goal_y, x, y 
time, goal_x, goal_y, x, y 
time, goal_x, goal_y, x, y 
time, goal_x, goal_y, x, y 
time, goal_x, goal_y, x, y 
time, goal_x, goal_y, x, y 
time, goal_x, goal_y, x, y 
time, goal_x, goal_y, x, y 
time, goal_x, goal_y, x, y 
time, goal_x, goal_y, x, y 
time, goal_x, goal_y, x, y 
time, goal_x, goal_y, x, y 
time, goal_x, goal_y, x, y 
time, goal_x, goal_y, x, y 
time, goal_x, goal_y, x, y 
time, goal_x, goal_y, x, y 
time, goal_x, goal_y, x, y 
time, goal_x, goal_y, x, y 
time, goal_x, goal_y, x, y 
time, goal_x, goal_y, x, y 
time, goal_x, goal_y, x, y 
time, goal_x, goal_y, x, y 
time, goal_x, goal_y, x, y 
time, goal_x, goal_y, x, y 
time, goal_x, goal_y, x, y 
time, goal_x, goal_y, x, y 
time, goal_x, goal_y, x, y 
time, goal_x, goal_y, x, y 
time, goal_x, goal_y, x, y 
time, goal_x, goal_y, x, y 
time, goal_x, goal_y, x, y 
time, goal_x, goal_y, x, y 
time, goal_x, goal_y, x, y 
time, goal_x, goal_y, x, y 
time, goal_x, goal_y, x, y 
time, goal_x, goal_y, x, y 
time, goal_x, goal_y, x, y 
time, goal_x, goal_y, x, y 
time, goal_x, goal_y, x, y 
time, goal_x, goal_y, x, y 
time, goal_x, goal_y, x, y 
time, goal_x, goal_y, x, y 
time, goal_x, goal_y, x, y 
time, goal_x, goal_y, x, y 
time, goal_x, goal_y, x, y 
time, goal_x, goal_y, x, y 
time, goal_x, goal_y, x, y 
time, goal_x, goal_y, x, y 
time, goal_x, goal_y, x, y 
time, goal_x, goal_y, x, y 
38.081,0.03957650485728015,-2.621142402643125,1.4894344822193462,-2.931996108549293,-1.4102814725047859,-2.3102886967369574
38.331,0.02452450502189929,-2.5433039190310893,1.4487268190229867,-2.9224552337299765,-1.3996778089791881,-2.1641526043322017
38.581,-0.023098504845417644,-2.5833593214490786,1.4024106940221936,-2.9132700032302434,-1.448607703713029,-2.253448639667914
38.831,-0.04798224359119729,-2.58426755168596,1.3617964451927944,-2.904181452338996,-1.457760932375189,-2.2643536510329243
39.081,-0.09313136397329824,-2.6622676917041272,1.3151925842530883,-2.8970860772206453,-1.5014553121996848,-2.4274493061876092
39.331,-0.13592635924346352,-2.7401392228604013,1.2739241411777826,-2.8938910415308094,-1.5457768596647097,-2.5863874041899937
39.581,-0.20534636046571764,-2.9053613079601153,1.226807501280134,-2.8937822181919377,-1.6375002222115693,-2.9169403977282924
39.831,-0.2375500041595866,-2.925048903306161,1.1866231936888918,-2.8954809563885298,-1.661723202008065,-2.9546168502237924
40.081,-0.2799799762307168,-2.915824113888216,1.1391970475358626,-2.8972040757055324,-1.6991569999972962,-2.9344441520709
40.331,-0.3224014585764978,-2.9929446874821135,1.0971651328354974,-2.900176321763641,-1.741968049988493,-3.0857130532005863
40.581,-0.39142505830918206,-2.9868597777515027,1.0497394564271523,-2.9026888882559714,-1.8325895730455164,-3.071030667247034
40.831,-0.4428599852093612,-3.006477532078334,1.0064117167708189,-2.9068028741344842,-1.8921316871895413,-3.106152190022184
41.081,-0.4912899012507804,-2.9841508034002553,0.9589194493193167,-2.9105069406151656,-1.9414992518208776,-3.0577946661853446
41.331,-0.5378378872254543,-3.0690299840950694,0.9160561545645112,-2.9154226040314604,-1.9917319290154198,-3.2226373641586785
41.581,-0.614788553701886,-3.04033367437121,0.8677397347247348,-2.9195176545175894,-2.0973168421285067,-3.1611496942248305
time, goal_x, goal_y, x, y 
time, goal_x, goal_y, x, y 
time, goal_x, goal_y, x, y 
time, goal_x, goal_y, x, y 
time, goal_x, goal_y, x, y 
time, goal_x, goal_y, x, y 
time, goal_x, goal_y, x, y 
time, goal_x, goal_y, x, y 
time, goal_x, goal_y, x, y 
time, goal_x, goal_y, x, y 
time, goal_x, goal_y, x, y 
time, goal_x, goal_y, x, y 
time, goal_x, goal_y, x, y 
time, goal_x, goal_y, x, y 
time, goal_x, goal_y, x, y 
time, goal_x, goal_y, x, y 
time, goal_x, goal_y, x, y 
time, goal_x, goal_y, x, y 
time, goal_x, goal_y, x, y 
time, goal_x, goal_y, x, y 
time, goal_x, goal_y, x, y 
time, goal_x, goal_y, x, y 
time, goal_x, goal_y, x, y 
time, goal_x, goal_y, x, y 
time, goal_x, goal_y, x, y 
48.081,-1.546035294853063,-2.189970174099992,-0.2909930334772564,-2.9339400352249676,-2.8010775562288694,-1.446000312975016
48.331,-1.5224327309744803,-2.1181461952766183,-0.3285486906399649,-2.9150828956973225,-2.7163167713089957,-1.3212094948559137
48.581,-1.5518751407696114,-2.1440671575446957,-0.372921010866015,-2.8943166475407276,-2.730829270673208,-1.3938176675486638
48.831,-1.554873525180615,-2.1282845671274018,-0.41119845182064685,-2.874517374963182,-2.698548598540583,-1.3820517592916217
49.081,-1.5854575368999075,-2.1445257411454093,-0.4543981994271278,-2.8531043464348698,-2.716516874372687,-1.435947135855949
49.331,-1.5528080947020573,-2.0765763409777223,-0.4916989870954501,-2.8326297089891694,-2.6139172023086643,-1.3205229729662749
49.581,-1.5579140969234655,-2.0906170529986587,-0.5341317143035899,-2.8103099252725854,-2.581696479543341,-1.3709241807247317
49.831,-1.5707122527326756,-2.071432447666982,-0.5696851507266217,-2.7897057044073814,-2.5717393547387295,-1.353159190926582
50.081,-1.5963761071034561,-2.0947815922692596,-0.6111397880815744,-2.766938476819698,-2.581612426125338,-1.422624707718821
50.331,-1.5682137397797296,-2.0399079574975314,-0.6453770225019123,-2.746276948835763,-2.491050457057547,-1.3335389661592996
50.581,-1.5812043991772575,-2.05616609604785,-0.685375055946227,-2.72324999532422,-2.4770337424082878,-1.38908219677148
50.831,-1.775650327127599,-1.9877033878247292,-0.7200160388923005,-2.702017156017633,-2.4475885168198985,-1.402503957442211
51.081,-1.8365857524275584,-2.033536496012106,-0.7615859935829378,-2.6798784522171006,-2.5048657739528437,-1.5076424848149625
51.331,-1.8864393577281509,-2.0967682735949733,-0.7994285937984386,-2.663273378087449,-2.5540464563004157,-1.6318935795655682
51.581,-1.957122383897303,-2.225048097304946,-0.843946754748243,-2.6475115424076736,-2.5992512727900596,-1.8763795221611073
51.831,-1.991101879051281,-2.290154579334065,-0.8837932852388994,-2.6366810254756476,-2.6185375311898387,-1.993903751357069
52.081,-2.029902494917732,-2.352561578826064,-0.930071827063767,-2.6277162901803255,-2.6267474808907076,-2.1072029279922293
52.331,-2.1784794619338257,-2.4204517931124276,-0.9712512181955905,-2.622862027084124,-2.6266901836604495,-2.218848393958811
52.581,-2.1980838684753037,-2.5633339298050215,-1.0182458037367925,-2.620817179962609,-2.615251284515466,-2.4268081062596836
52.831,-2.218258736321543,-2.634024235481051,-1.059656481634663,-2.6221259566356956,-2.6163398827928557,-2.524724877450829
53.081,-2.2282358058830574,-2.6621167167881334,-1.1060278778728307,-2.6251786523694043,-2.5809298622712475,-2.5651469160871967
53.331,-2.241662493689489,-2.6182925685391862,-1.147768316981343,-2.627113370695447,-2.5591132939459666,-2.510867537728469
53.581,-2.1408692242357397,-2.7411033104036067,-1.1944208071919555,-2.632506184994312,-2.496153793449647,-2.67815106979541
53.831,-2.251914830343482,-2.7542255469594483,-1.2355151932371298,-2.6390019342403757,-2.4533220908437556,-2.6869330498064894
54.081,-2.2774218010175655,-2.6968555522178734,-1.2838783088357362,-2.6433348685738065,-2.433084622314115,-2.6198511512149336
54.331,-2.289114850390015,-2.6400342760268147,-1.3264642961597612,-2.6439695359306197,-2.4088359321143376,-2.5586682442102027
54.581,-2.294799123190768,-2.627091987081706,-1.3738227633609723,-2.643481437110488,-2.363847236213963,-2.553864152726742
54.831,-2.3140207978677303,-2.6430753385715424,-1.414092344776735,-2.644764867749601,-2.3652729470310576,-2.5739565107677937
55.081,-2.3333652335931783,-2.6351338056303986,-1.461548541146808,-2.6458973019499674,-2.350585956006651,-2.5693594570221467
55.331,-2.348804030123736,-2.682618371684793,-1.502336160868848,-2.648504326630411,-2.358314242825528,-2.620291547302918
55.581,-2.3604926401148933,-2.6011353839006817,-1.5261692873192318,-2.648993470847898,-2.3654800120335437,-2.541709633226092
55.831,-2.397170144557368,-2.599967647484963,-1.5261684533587632,-2.64899983869881,-2.3684112171054124,-2.5415714362493342
56.081,-2.360961523966285,-2.6002903843866765,-1.546688433531406,-2.6483818644800445,-2.3628244577572435,-2.5413963462953375
56.331,-2.3746325063745415,-2.5995996277337903,-1.5780723702470902,-2.6478361472712098,-2.372455570767364,-2.542204337112822
time,goal_x,goal_y,x,y,er_x,er_y
time, goal_x, goal_y, x, y 
time, goal_x, goal_y, x, y 
time, goal_x, goal_y, x, y 
time, goal_x, goal_y, x, y 
time, goal_x, goal_y, x, y 
time, goal_x, goal_y, x, y 
time, goal_x, goal_y, x, y 
time, goal_x, goal_y, x, y 
time, goal_x, goal_y, x, y 
time, goal_x, goal_y, x, y 
time, goal_x, goal_y, x, y 
time, goal_x, goal_y, x, y 
time, goal_x, goal_y, x, y 
time, goal_x, goal_y, x, y 
time, goal_x, goal_y, x, y 
time, goal_x, goal_y, x, y 
time, goal_x, goal_y, x, y 
time, goal_x, goal_y, x, y 
time, goal_x, goal_y, x, y 
time, goal_x, goal_y, x, y 
time, goal_x, goal_y, x, y 
time, goal_x, goal_y, x, y 
time, goal_x, goal_y, x, y 
time, goal_x, goal_y, x, y 
time, goal_x, goal_y, x, y 
time, goal_x, goal_y, x, y 
time, goal_x, goal_y, x, y 
time, goal_x, goal_y, x, y 
time, goal_x, goal_y, x, y 
time, goal_x, goal_y, x, y 
time, goal_x, goal_y, x, y 
time, goal_x, goal_y, x, y 
time, goal_x, goal_y, x, y 
time, goal_x, goal_y, x, y 
time, goal_x, goal_y, x, y 
time, goal_x, goal_y, x, y 
time, goal_x, goal_y, x, y 
time, goal_x, goal_y, x, y 
time, goal_x, goal_y, x, y 
time, goal_x, goal_y, x, y 
time, goal_x, goal_y, x, y 
time, goal_x, goal_y, x, y 
time, goal_x, goal_y, x, y 
time, goal_x, goal_y, x, y 
time, goal_x, goal_y, x, y 
time, goal_x, goal_y, x, y 
time, goal_x, goal_y, x, y 
time, goal_x, goal_y, x, y 
time, goal_x, goal_y, x, y 
time, goal_x, goal_y, x, y 
time, goal_x, goal_y, x, y 
time, goal_x, goal_y, x, y 
time, goal_x, goal_y, x, y 
time, goal_x, goal_y, x, y 
time, goal_x, goal_y, x, y 
time, goal_x, goal_y, x, y 
time, goal_x, goal_y, x, y 
time, goal_x, goal_y, x, y 
time, goal_x, goal_y, x, y 
time, goal_x, goal_y, x, y 
time, goal_x, goal_y, x, y 
time, goal_x, goal_y, x, y 
time, goal_x, goal_y, x, y 
time, goal_x, goal_y, x, y 
time, goal_x, goal_y, x, y 
time, goal_x, goal_y, x, y 
time, goal_x, goal_y, x, y 
time, goal_x, goal_y, x, y 
time, goal_x, goal_y, x, y 
time, goal_x, goal_y, x, y 
time, goal_x, goal_y, x, y 
time, goal_x, goal_y, x, y 
time, goal_x, goal_y, x, y 
time, goal_x, goal_y, x, y 
time, goal_x, goal_y, x, y 
time, goal_x, goal_y, x, y 
time, goal_x, goal_y, x, y 
time, goal_x, goal_y, x, y 
time, goal_x, goal_y, x, y 
time, goal_x, goal_y, x, y 
time, goal_x, goal_y, x, y 
time, goal_x, goal_y, x, y 
time, goal_x, goal_y, x, y 
time, goal_x, goal_y, x, y 
time, goal_x, goal_y, x, y 
time, goal_x, goal_y, x, y 
time, goal_x, goal_y, x, y 
time, goal_x, goal_y, x, y 
time, goal_x, goal_y, x, y 
time, goal_x, goal_y, x, y 
time, goal_x, goal_y, x, y 
time, goal_x, goal_y, x, y 
time, goal_x, goal_y, x, y 
time, goal_x, goal_y, x, y 
time, goal_x, goal_y, x, y 
time, goal_x, goal_y, x, y 
time, goal_x, goal_y, x, y 
time, goal_x, goal_y, x, y 
time, goal_x, goal_y, x, y 
time, goal_x, goal_y, x, y 
time, goal_x, goal_y, x, y 
time, goal_x, goal_y, x, y 
time, goal_x, goal_y, x, y 
time, goal_x, goal_y, x, y 
time, goal_x, goal_y, x, y 
time, goal_x, goal_y, x, y 
time, goal_x, goal_y, x, y 
time, goal_x, goal_y, x, y 
time, goal_x, goal_y, x, y 
time, goal_x, goal_y, x, y 
time, goal_x, goal_y, x, y 
time, goal_x, goal_y, x, y 
time, goal_x, goal_y, x, y 
time, goal_x, goal_y, x, y 
time, goal_x, goal_y, x, y 
time, goal_x, goal_y, x, y 
time, goal_x, goal_y, x, y 
time, goal_x, goal_y, x, y 
time, goal_x, goal_y, x, y 
35.587,0.2400696315432428,-0.8466499363467525,1.688570965426293,-1.008600346465853,-1.2084317023398075,-0.6846995262276518
35.837,0.22649208472120563,-0.8550029578460331,1.6460360125394626,-1.004852703584977,-1.1930518430970514,-0.7051532121070891
36.087,0.20814163049101952,-0.8313631335209191,1.5987434205237765,-0.9998101462807396,-1.1824601595417374,-0.6629161207610986
36.337,0.18506927649392246,-0.9093531283859971,1.556688877247385,-0.9972097555876636,-1.18655032425954,-0.8214965011843307
36.587,0.1683470109477332,-0.9082944069196967,1.5095013292042938,-0.9935965526596782,-1.1728073073088274,-0.8229922611797151
36.837,0.13677582929273047,-0.9868101195116745,1.4681502767989492,-0.9933377381720739,-1.1945986182134882,-0.980282500851275
37.087,0.10848641579080553,-1.0649297132846707,1.4211451335696128,-0.9965254113238758,-1.2041723019880017,-1.1333340152454656
37.337,0.08162963099611587,-1.1374128405292985,1.3789508906272991,-1.000930593988066,-1.2156916286350674,-1.2738950870705308
37.587,0.03429742245164802,-1.113804784771899,1.3320919263876387,-1.004591081584711,-1.2634970814843427,-1.2230184879590873
37.837,0.002596724388371774,-1.108610966462242,1.2898137885488483,-1.0090653129407237,-1.2846203397721048,-1.2081566199837606
38.087,-0.051090402200630325,-1.0354451486268599,1.2414665418722202,-1.010805996849384,-1.3436473462734808,-1.0600843004043354
38.337,-0.08080970475588334,-0.9576463940404147,1.198698106914744,-1.0091384125581258,-1.3603175164265107,-0.9061543755227036
38.587,-0.12597964259949102,-0.9096397455097018,1.1502975684832275,-1.0053740937626239,-1.4022568536822095,-0.8139053972567798
38.837,-0.17230920717879927,-0.8974058303280081,1.1079368350993348,-1.0030636291972879,-1.4525552494569334,-0.7917480314587284
39.087,-0.19738025348338373,-0.8172471543304792,1.0597150310502093,-0.9970010550635202,-1.4544755380169767,-0.6374932535974382
39.337,-0.22455629946148747,-0.7352412374407882,1.0180559836056666,-0.9884923208587614,-1.4671685825286416,-0.481990154022815
39.587,-0.2345905449199568,-0.5721779003941359,0.9713800373671946,-0.9751629898739677,-1.4405611272071082,-0.16919281091430416
39.837,-0.2394591735128248,-0.4910638975977127,0.9312931946536421,-0.9604244683227768,-1.4102115416792917,-0.021703326872648532
40.087,-0.23620523736186777,-0.4057985014732129,0.8873371279193093,-0.9402541799618134,-1.3597476026430448,0.1286571770153876
40.337,-0.2251475201321952,-0.32888318907827546,0.849902955237481,-0.9195617008564263,-1.3001979955018714,0.2617953226998754
40.587,-0.18332750432018585,-0.1793484189465383,0.8094395813020165,-0.8930338888492982,-1.1760945899423882,0.5343370509562216
40.837,-0.165651440449467,-0.10162932036299266,0.7756164115577369,-0.8669464975968348,-1.1069192924566709,0.6636878568708495
41.087,-0.13348229637840991,-0.03376077474548589,0.7394945510712851,-0.8344962752893812,-1.006459143828105,0.7669747257984094
41.337,-0.10086518530013744,0.03241513509838734,0.7100656746336648,-0.8037576749958648,-0.9117960452339396,0.8685879451926395
41.587,-0.014480706576945612,0.1463065170691406,0.6792805371443489,-0.7662683653995469,-0.7082419502982401,1.0588813995378281
41.837,0.026016710154298794,0.20438454027849456,0.6546804189051394,-0.7313660958502074,-0.6026469985965418,1.1401351764071965
42.087,0.0695900117239246,0.2662584774287162,0.629909457623763,-0.689782782841476,-0.49072943417591386,1.2222997376989084
42.337,0.11923098278501915,0.31066695488714124,0.6108095386641155,-0.6515369322125357,-0.3723475730940772,1.2728708419868182
42.587,0.22826361774487197,0.3801385525785983,0.592478638177102,-0.6067099318586853,-0.13595140268735806,1.3669870370158819
42.837,0.2824939288341264,0.4129370848283658,0.5793124266096096,-0.5660973753880683,-0.014324568941356808,1.3919715450447998
43.087,0.33727893758995586,0.4433052873526787,0.5678362389817568,-0.5189273321884842,0.10672163619815489,1.4055379068938416
43.337,0.3902341192073815,0.47259488208662154,0.5608308095899105,-0.4768647006898349,0.21963742882485254,1.422054464863078
43.587,0.5525371655046056,0.5000368929741321,0.5564958070790186,-0.42854701405493767,0.6504301775952336,1.424908977162016
43.837,0.6043195901248881,0.5144870927586882,0.5557968856561356,-0.3858226758257145,0.751167995236813,1.3954427392740683
44.087,0.7045900706128831,0.5109490509369443,0.5586568320679621,-0.3374447310563983,0.850523309157804,1.3593428329302868
44.337,0.753545843677361,0.518931910022678,0.5643182763183319,-0.2950881201502013,0.9427734110363901,1.3329519401955574
44.587,0.796138132343799,0.5088757818069513,0.5708295162422302,-0.259899213480486,1.021446748445368,1.2776507770943886
44.837,0.6825716958189627,0.5329546982730116,0.5722463709254564,-0.24862430259233612,0.8782300520635259,1.3009092408836793
45.087,0.5902533214059438,0.5441045584444517,0.5723693976646678,-0.2455701857033873,0.6081372451472198,1.3337793025922908
45.337,0.585923734841963,0.544923676550814,0.5723738253133855,-0.24543309985495426,0.5994736443705405,1.3352804529565823
45.587,0.586394432446733,0.5470231960299533,0.5723785043784104,-0.24528059957041104,0.6004103605150556,1.3393269916303177
45.837,0.5865591983621408,0.5413168368577941,0.5723827089411595,-0.24514806373236406,0.600735687783122,1.3277817374479521
46.087,0.5868860132384548,0.5434307409224794,0.5723875346222279,-0.24499893864339314,0.6013844918546817,1.331860420488352
46.337,0.5872321083710966,0.5456242693341808,0.5723918153482173,-0.24486889352492638,0.602072401393976,1.336117432193288
46.587,0.5879646529548903,0.5502724898131413,0.5723967330697088,-0.2447221050217684,0.6035325728400718,1.3452670846480508
46.837,0.5881978506447807,0.5453263714053855,0.5724011088434875,-0.24459376242910572,0.603994592446074,1.3352465052398768
47.087,0.5884922003150075,0.5434331552186535,0.5724061411783168,-0.24444869279923745,0.6045782594516982,1.3313150032365446
47.337,0.5888207810844996,0.5430861876407432,0.5724105140287795,-0.24432252999807186,0.6052310481402198,1.3304949052795583
47.587,0.5894785972672096,0.5424780075278303,0.5724155616761227,-0.24417962970105744,0.6065416328582964,1.329135644756718
47.837,0.5899399380096622,0.5484833026258287,0.5724200748169441,-0.24405436100563394,0.6074598012023801,1.3410209662572914
48.087,0.590236139117825,0.5470908751691511,0.5724252567596131,-0.24391263361784216,0.6080470214760368,1.3380943839561443
48.337,0.590513742281377,0.5450913099740889,0.5724298927563376,-0.2437882841308824,0.6085975918064164,1.3339709040790604
48.587,0.5910814249096166,0.5425497779827756,0.5724352650133326,-0.24364723847321207,0.6097275848059006,1.3287467944387632
48.837,0.5915043530966497,0.5473844647476889,0.5724400248896826,-0.2435237787182014,0.6105686813036167,1.3382927082135792
49.087,0.5918537792066779,0.5493043284350474,0.5724454519604386,-0.24338432773906193,0.6112621064529172,1.3419929846091567
49.337,0.5920773752337576,0.5461591238687362,0.5724503230110601,-0.2432618578038549,0.6117044274564549,1.3355801055413274
49.587,0.5924041635028883,0.5408847047189007,0.5724559332999921,-0.2431230022325928,0.6123523937057845,1.3248924116703942
49.837,0.5927864032253349,0.5448631997496417,0.5724608840100593,-0.2430016560726473,0.6131119224406106,1.3327280555719307
50.087,0.5929220894209879,0.539383770703758,0.5724666306171794,-0.24286373109217396,0.6133775482247963,1.32163127249969
50.337,0.5932081438176419,0.5398430774547898,0.5724716834425261,-0.2427433912095128,0.6139446041927576,1.3224295461190922
50.587,0.5938559432341004,0.54430951119973,0.5724775669396084,-0.24260656398605063,0.6152343195285923,1.3312255863855107
50.837,0.5939852517210553,0.5395980672396865,0.5724827843525634,-0.24248677626217008,0.6154877190895471,1.321682910741543
51.087,0.6391281911976869,0.5557853206252347,0.5724887797175912,-0.2423509662221173,0.7955405196583374,1.3772371415211548
51.337,0.6390050262724523,0.5537623253236534,0.5724941290959521,-0.24223169430665142,0.7944483571138403,1.3656309299940523
51.587,0.6383436478792571,0.5466216793069082,0.5725002491863469,-0.2420966655757013,0.7906723709504506,1.3313496941605856
51.837,0.6385974502921445,0.5433569183765259,0.5725056779940193,-0.24197826825566743,0.7917165518935618,1.3355507790715668
52.087,0.6394132959785069,0.5502668222719302,0.5725119189761496,-0.24184396450690518,0.7941267967820849,1.3496031415625858
52.337,0.6387343888251018,0.5456981583901633,0.5725174817015275,-0.24172594207917758,0.7906762523600694,1.3216671929359751
52.587,0.6399113499819304,0.547306856163795,0.5725238446405424,-0.24159221927077834,0.7950885087224362,1.3471448295773896
52.837,0.6397768432461317,0.5468528670281869,0.5725294898542735,-0.24147488200368145,0.7938330050040809,1.3352686011274961
53.087,0.6406221654816232,0.5516973638980767,0.5725359772475006,-0.2413416256492682,0.7967691655228666,1.3533295579764202
53.337,0.639804625618255,0.5427965737235018,0.5725417242946338,-0.24122470801801416,0.7933738387732898,1.3264574827392528
53.587,0.6403180680724154,0.5463895165600425,0.5725483218818194,-0.2410919562788641,0.7942709842776625,1.3276307039415403
53.837,0.6402588559079259,0.5420087327426566,0.5725541686657927,-0.24097540540314197,0.7941127919941523,1.324052948842434
54.087,0.6408508324747568,0.5452590310376998,0.5725608738900637,-0.24084306831593566,0.7960908655931823,1.3356404726958035
54.337,0.6410895561000558,0.5469222686647836,0.5725668164319931,-0.24072682096319895,0.7965253391796051,1.3364077797710798
54.587,0.641355380972076,0.5461537096874352,0.5725736266085637,-0.24059480272683723,0.7970369444701084,1.33568860512382
54.837,0.640865881457146,0.5421253653954967,0.5725796596583375,-0.24047879871961708,0.7947096052659708,1.3173453951841032
55.087,0.6412618226950211,0.5437159268884679,0.5725865667428123,-0.24034702995597676,0.7960429157128794,1.3247793532606713
55.337,0.6418760735944364,0.5477538717794783,0.5725926809731385,-0.24023121005762063,0.7981133193731186,1.3374399567598223
55.587,0.6415626751849312,0.5433671409241542,0.5725996789975925,-0.24009960286285562,0.796438615581597,1.3223561904964976
55.837,0.6421881641002513,0.547921640868601,0.572605873705291,-0.23998386231796728,0.7985371053288197,1.3354507841298775
56.087,0.6423103971743176,0.5473019610922343,0.5726129588749718,-0.23985231410026633,0.7989302579425865,1.336733030743868
56.337,0.6420410684581235,0.5438948107942401,0.5726192279714731,-0.23973660243191797,0.7977922806031009,1.3274539188336012
56.587,0.6421527306613468,0.5431940635792443,0.572626392503379,-0.23960507031150996,0.7979142185631913,1.3258944704707292
56.837,0.6423709675122364,0.5447198896994957,0.5726327263462017,-0.2394893586517684,0.798523469193225,1.3290698704798352
57.087,0.6421153281031844,0.5424961380155202,0.5726399592031152,-0.23935780573368903,0.7973397925834502,1.319897346116444
57.337,0.6421831086544876,0.5436180829991265,0.572646285556573,-0.23924240939031455,0.7972763609678264,1.3185984507731323
57.587,0.6427219432236352,0.5459160138720488,0.5726534378637111,-0.23911200582379227,0.7992676160486083,1.330730676076987
57.837,0.6420767003746275,0.5421203010126106,0.5726596988459725,-0.23899791220539304,0.7963543869068839,1.309730309271661
58.087,0.6421934182639402,0.5415068469964338,0.5726667937754135,-0.23886906559582094,0.7968650924802106,1.3124480094584172
58.337,0.6426375547539298,0.5460388490058004,0.5726729908378315,-0.23875657620513288,0.7981678985063185,1.3206444907121604
58.587,0.642948673949521,0.5456523403075163,0.5726799751658256,-0.2386297317906039,0.7994597002647321,1.3279512288708608
58.837,0.6430175022807418,0.546325410433684,0.5726860635953267,-0.2385190898007032,0.7994926769810713,1.3273760768622038
59.087,0.6432351095186507,0.547135279582336,0.5726929174263585,-0.2383944306899184,0.8002836290226245,1.3320384649888237
59.337,0.643238806445151,0.5452802382906813,0.5726988836418669,-0.2382857861875356,0.8004395165349344,1.332322721164144
59.587,0.6431193071055021,0.5412089185138339,0.5727055927449033,-0.23816347117914585,0.8001642992547673,1.3288678335728636
59.837,0.6433884179327314,0.5463908631056553,0.5727114288986975,-0.23805692592205363,0.8004298658886583,1.3299300941181351
60.087,0.6431716436355222,0.5429756144642626,0.5727179860235598,-0.23793703181997444,0.7997218189042843,1.3242981105922573
60.337,0.6435018249619194,0.5451142183851435,0.5727236856432274,-0.2378326420389667,0.8008735950239063,1.3314723983891388
60.587,0.6437442401783982,0.5474919090900658,0.5727300888127638,-0.23771520630961626,0.8013324458383544,1.3331452471753586
60.837,0.6436366120816558,0.5461032121352231,0.5727356526423428,-0.23761297985708946,0.8008341383023925,1.328993366639588
61.087,0.6436246028614042,0.547500174107186,0.5727418952006528,-0.23749802916761295,0.8003208868926466,1.3247507408007362
61.337,0.6439605156100927,0.5471536905303651,0.5727473148227307,-0.23739802231567225,0.8019769352479194,1.3354048077470424
61.587,0.6437143208486849,0.544206213293257,0.5727533951864537,-0.2372855888389806,0.800869582960343,1.3264104168456354
61.837,0.6443395681667712,0.547956459533056,0.5727586715353536,-0.23718777750090328,0.8032926555801011,1.3423269093632317
62.087,0.6436508541639282,0.5434056624616092,0.572764589324801,-0.23707783180407938,0.8003283963888791,1.3213414609375174
62.337,0.6433854935535374,0.5409941464369024,0.5727697247562511,-0.236982194705011,0.7992049427222623,1.3129838701809253
62.587,0.6436415227299275,0.541054461336834,0.5727754826630805,-0.23687470929793933,0.8002115658063285,1.318565048555394
62.837,0.6438724652042176,0.5435321414995627,0.572780477561196,-0.23678123054708697,0.8007942413640802,1.3219055930776271
63.087,0.6439388267086977,0.5446675474613883,0.572786074848372,-0.23667617403718935,0.8007605870828445,1.3210394298766643
63.337,0.6440626148467741,0.5453111345033526,0.5727909312062027,-0.23658480646039703,0.8011283689956812,1.322923355173391
63.587,0.6444325254771415,0.5448479059528348,0.5727963761965582,-0.2364821263881601,0.8028610117092453,1.333511617397425
63.837,0.6444467079133537,0.5442822396784026,0.5728010998818451,-0.2363928241112864,0.8028857249199712,1.3330688195211817
64.087,0.6443511245255769,0.5443781919441663,0.5728063951272337,-0.23629245194122825,0.802199603949648,1.3277865720481767
64.337,0.6443216541695928,0.546040753820662,0.5728109896755236,-0.23620514785752397,0.8015628054488828,1.3228518250162127
64.587,0.64431922229722,0.5435355656555603,0.5728161415027709,-0.2361070169058953,0.8017312853868742,1.322834900692016
64.837,0.6442534169853398,0.542058925238155,0.5728206106247983,-0.2360216640170105,0.8015172497319687,1.3208059285729987
65.087,0.6447160286208118,0.5455520743732907,0.5728256200496383,-0.23592572305771856,0.8031498054595236,1.3313509255385383
65.337,0.6446822529438629,0.5448298621593303,0.5728299663836969,-0.23584226489998023,0.8029626795722322,1.3295163236759104
65.587,0.6443630249157943,0.5437650042289209,0.572834894454823,-0.23574846371295408,0.8011769488147658,1.3162700316522487
65.837,0.6455188235214091,0.5507230670854805,0.5728392692600218,-0.23566668426969586,0.8058274089059316,1.347310749102477
66.087,0.6444400377546717,0.5406803619469907,0.5728442411649872,-0.23557442235923587,0.8018988748657065,1.3200613315508567
66.337,0.6438882301409468,0.539394542965069,0.5728486122239679,-0.23549386470957656,0.7990559340967323,1.3002029240500996
66.587,0.6438534472407788,0.5380727541249538,0.5728535772919625,-0.23540297331629514,0.798837395783176,1.2976212956461315
66.837,0.6448464770780733,0.5433220261697304,0.5728579411825222,-0.2353236130911654,0.802956211700919,1.3250034614006991
67.087,0.6440028991580138,0.5384890290014495,0.5728628970520635,-0.23523407362522744,0.7992556293327397,1.2993601397347248
67.337,0.6445494294877754,0.5414476200158101,0.5728672519215801,-0.23515589306464277,0.8014415336578056,1.3136233560495927
67.587,0.644088901168306,0.5374906924635641,0.5728721999588597,-0.23506768098980232,0.7994725083112025,1.2991845860113826
67.837,0.6455710823032579,0.5504729050821499,0.5728765466866304,-0.23499064822271212,0.8046591859873047,1.3337413972804577
68.087,0.6447465974165286,0.5407313123059208,0.5728814792205024,-0.2349037253649765,0.8020485010501606,1.315518443180768
68.337,0.6449860520006244,0.5417908478964474,0.5728858095107032,-0.23482783238238866,0.8029705235889343,1.3212017120772657
68.587,0.6447554228516243,0.5404302835658552,0.5728907216707652,-0.23474220835984647,0.8017140872755335,1.3116045867193038
68.837,0.6451047037671805,0.5424146076849781,0.572895033436847,-0.23466745164914124,0.8030388231393293,1.3200052553512112
69.087,0.645134156960197,0.5438256726150583,0.5728999245948462,-0.23458311083624456,0.8027612052717576,1.317580065406342
69.337,0.6459334656850634,0.5487350544295966,0.5729042190553391,-0.23450946837018363,0.8059084562604263,1.3382755709474492
69.587,0.6455651750129794,0.5448801467788779,0.5729090895054223,-0.23442637552589604,0.8044207362649356,1.327130264199146
69.837,0.645210406426022,0.5438665548794159,0.572913363753449,-0.23435382046399633,0.8025711451718298,1.3141096624404176
70.087,0.6453284530976227,0.5422181832722262,0.5729182102319226,-0.2342719550382802,0.8033955496406335,1.3191224326878412
70.337,0.6458455952470122,0.5493165903396211,0.5729224623384501,-0.23420047238844724,0.8045739034777072,1.3265170645498807
70.587,0.6452795891109291,0.5420532184318825,0.5729272824173534,-0.2341198175629455,0.8027274984292779,1.3129954093389138
70.837,0.6451604176631347,0.5432381588731611,0.5729315117401289,-0.2340493926754897,0.8016931310860607,1.3054954423876368
71.087,0.6456122511106456,0.5456934963598007,0.5729363080745611,-0.23396992022833155,0.8034729940804632,1.31693432764811
71.337,0.6452173137902455,0.5406290543851321,0.5729405158755021,-0.23390051435372752,0.8022448250519906,1.308136745852927
71.587,0.6454572404376414,0.5431279335536952,0.5729452856201975,-0.23382218924391943,0.8027308166401801,1.3103365133468028
71.837,0.6454461682612664,0.5432468234482138,0.5729494691490812,-0.2337537881327418,0.8024996020640204,1.3082512023779602
72.087,0.6464660075718056,0.5491231741485849,0.5729542097809371,-0.23367659938642005,0.8066347683901246,1.335489235947596
72.337,0.6459238231040461,0.5442216838830067,0.5729583665480156,-0.23360919199265542,0.8045834374096459,1.3211807761762506
72.587,0.6462937197815745,0.5478404059363279,0.5729630762938325,-0.23353312560976955,0.8055369916289058,1.326514712957467
72.837,0.6458413960301133,0.5423712550912838,0.5729672072549005,-0.23346669346526347,0.8040939797716615,1.316307545526938
73.087,0.6455563680301228,0.5410323813018344,0.5729718870869478,-0.2333917205059082,0.8026884161660247,1.3063599838195954
73.337,0.6452794930060557,0.5402198239038939,0.5729759881923038,-0.23332625534707607,0.8012166797180871,1.2959775688594573
73.587,0.6463510732549106,0.545979201786977,0.5729806317058475,-0.23325239201746775,0.8055179750795327,1.3237484172441842
73.837,0.6459777615853115,0.5437091441304415,0.5729846998672626,-0.23318789981402094,0.8038325420212087,1.311945098215874
74.087,0.6456789090347228,0.5406692689281398,0.5729893047608177,-0.23311513718015844,0.8027141684147762,1.3039459409487417
74.337,0.6461419130154707,0.5423361719822345,0.5729933377809056,-0.23305160984569784,0.8047278995852327,1.3169034975333358
74.587,0.6472496374465626,0.5504832359964725,0.572997901798184,-0.2329799433918456,0.808720519998551,1.3425635430724603
74.837,0.6465197066756155,0.5448894216883122,0.5730018978773077,-0.23291737933398118,0.8058120900849907,1.3226113915423185
75.087,0.6464798752720984,0.543625096194914,0.5730064202183562,-0.2328468027575454,0.8057250193104033,1.3215195564886162
75.337,0.6457927659809657,0.5390770472113207,0.5730103810608207,-0.232785183150186,0.8028278044001125,1.301666796704727
75.587,0.6464790155029716,0.5419072102405472,0.5730148622255511,-0.23271566278788372,0.8056738684452618,1.319659993888336
75.837,0.6459596734009826,0.5406487619640687,0.5730187851482849,-0.23265496599902732,0.8029826843119561,1.3012080154758154
76.087,0.6461388467586923,0.5406535336264711,0.5730232213898387,-0.232586489760347,0.8038170252450042,1.306277976377816
76.337,0.6461365337545013,0.5418260828038013,0.5730271027793504,-0.23252670980360776,0.8034131279103536,1.303093058009961
76.587,0.6458436539910287,0.5376722941344062,0.5730314906999445,-0.232459274916051,0.8024477545616437,1.2956862072138724
76.837,0.6465126390147469,0.5411934787678321,0.5730353289648273,-0.23240040865403944,0.8051904907947591,1.3134671391583805
77.087,0.6466467199687576,0.5423677202543274,0.5730396668783674,-0.2323340093292988,0.8055295155553883,1.3152378569649776
77.337,0.646228548015926,0.5415494929066473,0.5730434603426887,-0.23227605153422023,0.8032937170882881,1.2998757366082478
77.587,0.6469826629909724,0.5454847283049802,0.5730477457644955,-0.23221068724014057,0.8062800018779578,1.3187836911578186
77.837,0.6473767109720311,0.5475493777980501,0.5730514906681398,-0.23215365619912792,0.8078437194721506,1.3287012323988732
78.087,0.6469088175936044,0.5436272353240474,0.5730557188885513,-0.23208936007818684,0.806016413348581,1.3160791723420375
78.337,0.6466932920845254,0.5426441954016309,0.5730594129467702,-0.23203326703751315,0.804923549513648,1.3083471014301282
78.587,0.6467805167156109,0.5421230113825214,0.5730635839269195,-0.23197003293342064,0.8052553090600325,1.3096197677283297
78.837,0.6475001279930876,0.5473023582827924,0.5730672287317191,-0.23191486493190921,0.8079146483373176,1.3268087176427867
79.087,0.6467031334314424,0.5422169629038299,0.5730713426515569,-0.23185267177573615,0.8045513185104287,1.3040282657904094
79.337,0.6473750241777512,0.5470822665223675,0.5730749353421317,-0.23179841664316544,0.8070194023421625,1.31994472959418
79.587,0.647081248196615,0.5427200233125122,0.5730789892186973,-0.2317372612877372,0.8061259547679438,1.3131118685273033
79.837,0.6470236388713355,0.5425142137485234,0.5730825287766473,-0.23168391858727433,0.8057297229554798,1.3100372038035113
80.087,0.6470496745702436,0.5435707996034653,0.5730865215462234,-0.2316237983862046,0.8055106570704268,1.3081408353797155
80.337,0.6474571381597133,0.5456199075485919,0.5730900065185165,-0.23157136537454007,0.807159482733104,1.3186191608030693
80.587,0.6470574870611157,0.5430609553103775,0.5730939364732415,-0.23151227885002232,0.8052955330377852,1.305401191495542
80.837,0.6469182594452393,0.5413316763209074,0.573097365596207,-0.2314607563817585,0.8047959019113032,1.301663124002795
81.087,0.6473084660469441,0.5426469539560014,0.5731012309472296,-0.23140270553450934,0.806517339184736,1.312622430009527
81.337,0.6468097517757068,0.5400564624443933,0.573104601437225,-0.23135209428949416,0.8042424169403756,1.2971502233753514
81.587,0.6483900128398797,0.5513718598398125,0.5731083982393389,-0.23129509271749396,0.8101301382974089,1.335225848183596
81.837,0.6469565632390243,0.5383227702267569,0.5731117070301173,-0.23124542331928996,0.8050818482906212,1.3014453583858834
82.087,0.6464880918147298,0.5367097289433943,0.5731154344419447,-0.23118949691915586,0.8027560227469359,1.2856702957087052
82.337,0.6471776888723445,0.5410934335052835,0.5731186837655226,-0.23114076038672815,0.8054357896886046,1.3029617563916311
82.587,0.6477804718522471,0.545971109122551,0.573122341876561,-0.23108588471344288,0.8074142038058001,1.3152099458422404
82.837,0.6479543495703426,0.5451454488576932,0.5731255279654373,-0.2310380780217829,0.8084414246383679,1.3215846080625593
83.087,0.6474331530653683,0.5424776351354417,0.5731291129688979,-0.23098426714240616,0.8060675095478594,1.3055242769948125
83.337,0.6475939633128696,0.5418756462455528,0.5731322342765932,-0.23093739956181825,0.8069752676553732,1.3111168870980292
83.587,0.6475272164978733,0.5428663549760713,0.5731357452423329,-0.23088465792078405,0.8061624873717463,1.3049800442717479
83.837,0.6475079902424938,0.5405233595183483,0.5731388007173803,-0.23083873279426073,0.8064803792103765,1.3066915235618686
84.087,0.6482753416334692,0.5472314914986499,0.5731422359304695,-0.230787064267332,0.8090630750273009,1.3233248715373342
84.337,0.64773140608069,0.5420965483934425,0.5731452241177973,-0.23074208456629114,0.807133370697857,1.3102353169704082
84.587,0.6483258472789137,0.5481945128605962,0.5731485822530499,-0.23069149260850108,0.8087997066579068,1.3204594812769663
84.837,0.6482937151676433,0.5466167772969499,0.573151501759801,-0.2306474605382176,0.808878286578404,1.3206071792268634
85.087,0.6481179036465556,0.5444866126696817,0.5731547794706315,-0.23059795655107465,0.8082932844126558,1.316392677880903
85.337,0.6480902873033281,0.54482165493492,0.5731576258744716,-0.2305549046684707,0.807960576363849,1.3138434993402792
85.587,0.6483554894069072,0.5453870403737889,0.5731608206753779,-0.23050653005965502,0.8090909824561079,1.3205663729982995
85.837,0.6479038035949558,0.5423626295355777,0.5731635961701244,-0.23046446142862873,0.8071965792311546,1.3077644163213291
86.087,0.647979267448291,0.542644031780337,0.5731667105285558,-0.23041719034996805,0.8074482590515448,1.3090744740991025
86.337,0.6484122323266142,0.5466959130417897,0.5731694139806812,-0.23037609379601154,0.8088028213683597,1.3176331003482316
86.587,0.6483422812726909,0.5450403024026078,0.5731724450890804,-0.2303299348233795,0.8086079097549332,1.3156800540239872
86.837,0.6482152984443648,0.5428621399250839,0.5731750746159956,-0.23028982125648806,0.8083162726972164,1.3134350483919648
87.087,0.648402253141073,0.5462630207750517,0.5731780217484757,-0.2302447815499793,0.8084654006962029,1.3140878510936307
87.337,0.6478243302499991,0.5423298138912231,0.5731805773642796,-0.2302056516409021,0.8060929154303794,1.2981967840163229
87.587,0.6484671990439546,0.5448955686827808,0.5731834402075389,-0.2301617287470502,0.8088673385852644,1.315769084947912
87.837,0.6486819375541956,0.5474368359722452,0.5731859211176751,-0.2301235804612659,0.8093723815983499,1.3187700358175263
88.087,0.6475661518743535,0.5394819123095463,0.5731886974492092,-0.23008077547020708,0.8049687583363112,1.2895896639567466
88.337,0.648265234798169,0.5441147209507142,0.5731911006873947,-0.23004362437453796,0.8076657779181368,1.3069715488244007
88.587,0.6478400929538208,0.5394113760555015,0.5731937872929185,-0.23000198030086444,0.806243215873305,1.2970600222418094
88.837,0.6476295588469809,0.5382934908002768,0.5731961107725646,-0.22996586315603598,0.8052559884017896,1.2903055163996526
89.087,0.648386166654311,0.5437595596964321,0.573198706488246,-0.22992539244494584,0.8080798198311528,1.3085199078337182
89.337,0.6487664552036956,0.5444208965207628,0.5732009521236259,-0.22989030153266404,0.8099477919781526,1.3204715696592204
89.587,0.648350339924607,0.5428828193788142,0.5732034604090745,-0.22985098623211905,0.8078464174997488,1.306160759187513
89.837,0.6484985818661967,0.5425460040518768,0.5732056269828865,-0.22981690999590168,0.8086680595062493,1.3112697406810079
90.087,0.6481326269972585,0.5407621729595572,0.573208042839595,-0.22977875825623353,0.8069831566733057,1.2999788134865524
90.337,0.648107221996269,0.5403543206134477,0.5732101266954195,-0.2297457104938451,0.806862489563084,1.2989303280954498
90.587,0.6485535496402071,0.5438609624017062,0.5732124469893745,-0.22970872824850178,0.808362693120181,1.308237401113691
90.837,0.6488142870854057,0.5450950892939197,0.5732144463205354,-0.2296767133358819,0.809444270580935,1.315062517875885
91.087,0.6480276121002011,0.5395142175004498,0.5732166713645822,-0.22964090904029916,0.8063294221668011,1.2944531356010598
91.337,0.6495998828665529,0.5513283488067451,0.57321858575346,-0.2296099365572303,0.8121857213018064,1.3324990443726883
91.587,0.648571081011988,0.5421587229019947,0.5732207118973967,-0.22957534074817637,0.8085139285423962,1.3080324153315512
91.837,0.6482172423884722,0.5407478189328756,0.5732225392335308,-0.2295454416083546,0.8068192612631029,1.296734410276923
92.087,0.6485427890903379,0.5423604738715238,0.5732245701493782,-0.22951204202231962,0.8081782759718923,1.305393173086591
92.337,0.648981951133985,0.5450226980322629,0.5732263155788797,-0.22948317396160936,0.8099202680233977,1.316555057165631
92.587,0.6485417013830265,0.5420137742718182,0.573228251479454,-0.22945094574689268,0.8080686178880697,1.3040403532152522
92.837,0.6475848451408472,0.5347317654907657,0.5732299124405683,-0.22942311565021542,0.8044271758816468,1.2800618632050036
93.087,0.6489503103519371,0.5454192687743028,0.5732317503249654,-0.22939206573256915,0.809408917048372,1.3123874506227358
93.337,0.6483660537925471,0.5397427951047573,0.5732333217126503,-0.2293652665480816,0.8074576517214578,1.299455570146103
93.587,0.6487467264646312,0.5412013003570959,0.5732350557651081,-0.22933538981745952,0.8091154845024903,1.30990024356476
93.837,0.6483173791479049,0.5410355727098957,0.5732365367087933,-0.2293096222976469,0.8067169371716707,1.2940692903843165
94.087,0.6491402833705664,0.5467359837428595,0.573238169354881,-0.22928091036407158,0.8098773275528117,1.3145126155641818
94.337,0.6486611499412411,0.5419621898509935,0.5732395596659533,-0.229256172673272,0.8083032666449557,1.3040723386401871
94.587,0.6490341859953594,0.5440501099208427,0.5732410853778276,-0.2292286854844063,0.8097816539276343,1.3133856596093298
94.837,0.6494997698920832,0.5473941346278819,0.5732423784522525,-0.22920506838455149,0.8115240958225431,1.3245902671664496
95.087,0.6488476891280806,0.5442601518257442,0.5732437895116383,-0.229178850610309,0.8086035777221735,1.3053943860953832
95.337,0.6491755778496018,0.547067993343127,0.5732449763730062,-0.2291563318163711,0.8097115679161173,1.3124718881053388
95.587,0.6491628259293871,0.5428919010858895,0.573246262104981,-0.22913135455173175,0.8105589472349963,1.3177189014066406
95.837,0.6489981897243472,0.5419053241853432,0.573247337904182,-0.2291099316418798,0.8098416728399583,1.3129139403178973
96.087,0.6484921165038738,0.5395510352249083,0.5732484984629752,-0.22908620105099137,0.8075548712797005,1.297886871407767
96.337,0.6490366474825666,0.5454510112893087,0.5732494628649999,-0.22906586528270684,0.8091346940756274,1.308064745134714
96.587,0.6490132356655646,0.5438581053186117,0.5732504867150944,-0.22904333102401284,0.8093221326442033,1.3090691865927855
96.837,0.6487035934107543,0.5421075619041028,0.5732513239085807,-0.22902401416193527,0.8079903317165755,1.3002939990702598
97.087,0.6494102255717977,0.5478606606315368,0.5732522104570078,-0.22900265001613554,0.8105136639078562,1.3166409917844253
97.337,0.6495588454091359,0.5488071793212448,0.573252948825118,-0.22898433217900102,0.8110872751799738,1.3202898553467612
97.587,0.6488411258533671,0.5427635142566359,0.5732537484146114,-0.22896401282200057,0.8084962868079738,1.3032497482561376
97.837,0.6488621219851538,0.5424532336109925,0.5732544263912416,-0.22894652271952173,0.8086647066751975,1.3042699303135383
98.087,0.6488354512812198,0.5421639780832525,0.5732551760974659,-0.2289270184505121,0.808563471127369,1.3035358132150097
98.337,0.6491190889873559,0.5453449735052635,0.5732558205753558,-0.22891016578569293,0.8093555293634831,1.3086207014111215
98.587,0.6499492880408944,0.5501563681364604,0.5732565390342655,-0.22889132986221994,0.8127762507886344,1.3307518302897985
98.837,0.648765810335298,0.5409833204575314,0.5732571596186514,-0.22887503363463776,0.8083742707478214,1.3020185435400207
99.087,0.6496203005510384,0.5480523613040891,0.5732578517843643,-0.22885682389629727,0.811409574762959,1.3217125606261548
99.337,0.6483880946897682,0.5380761340313236,0.5732584476539794,-0.22884108816405122,0.8069306687498381,1.2924841557641646
99.587,0.6496032724070198,0.5473992583277331,0.5732591130368254,-0.22882350679302896,0.8114119787803433,1.3215267430746547
99.837,0.6495333243411027,0.5454705449757639,0.5732596872619611,-0.22880832741060705,0.8114676741132033,1.3218242431971112
100.087,0.6483798606369234,0.5399575720930814,0.5732603267548045,-0.22879140265253772,0.8063543882300008,1.2884764336333665
100.337,0.6495264999462008,0.547868575789688,0.5732608764521474,-0.22877680481511628,0.8108145342935373,1.3174460827443255
100.587,0.6495439354733638,0.5476477426451769,0.5732614859597137,-0.22876054094237272,0.8109283735180297,1.3180654759673347
100.837,0.6488449249158661,0.5409967490014024,0.5732620073069593,-0.22874653387080474,0.8086214347903504,1.302992969336208
101.087,0.6489037571868208,0.5412790899878833,0.5732625819146361,-0.22873096809991272,0.8088641097952731,1.3045156883764812
101.337,0.6494906302250909,0.546337084945058,0.5732630720153987,-0.22871757473899074,0.8108963867220178,1.3176857070426928
101.587,0.6493992320833362,0.5467206512369136,0.5732636110529749,-0.22870268531567423,0.8102627820990916,1.3134560418804224
101.837,0.6496475360730876,0.5478936622359922,0.5732640552846608,-0.22869000010705903,0.8113478875704115,1.3204668467023
102.087,0.6499591470697254,0.5486404020236292,0.573264519261784,-0.22867610046689552,0.8128897136464385,1.3304528562734494
102.337,0.6502255029692221,0.5516058010579808,0.5732648983428058,-0.22866426393468073,0.8136449724218335,1.3353237132458609
102.587,0.6484762288074939,0.5392118039263445,0.5732652983533038,-0.22865122310711875,0.8068690080398419,1.2911616446909424
102.837,0.6489722846770208,0.5435486661353143,0.5732656236953335,-0.22864010183692365,0.8085750704465147,1.3022272352510118
103.087,0.6495195160743682,0.5463781099191405,0.5732659587813731,-0.22862788215732943,0.8109310089091,1.3175229206305117
103.337,0.6491208861804816,0.5437845859224626,0.573266217781431,-0.22861752096495802,0.8093281274197928,1.3070674403249847
103.587,0.6487001171296753,0.5410530336415442,0.5732664724202094,-0.228606185999364,0.8076295842240627,1.2959735217070023
103.837,0.6488004357016257,0.5416458807961367,0.5732666615056868,-0.22859660058761325,0.8080400641737658,1.2986269944208302
104.087,0.6488862897493879,0.5402085148962678,0.5732668364943253,-0.22858614478184605,0.8088615095291289,1.303957272509767
104.337,0.6493594254140614,0.5464413937048891,0.5732669547075961,-0.22857734009863137,0.809988826791858,1.3112807343267823
104.587,0.6491029237190074,0.5435284184832647,0.5732670424395406,-0.22856784006545047,0.8092600014949589,1.3065319944465628
104.837,0.6492174188518474,0.5435689184529591,0.5732670751441924,-0.228559954640814,0.8098887432503927,1.3106247814603746
105.087,0.6491764917582303,0.5450238410192317,0.5732670705547348,-0.2285514487628426,0.8093111512976935,1.3068744671673829
105.337,0.6489363425579695,0.5423622107964926,0.5732670302166717,-0.22854436761839,0.8086190517215242,1.302382965326774
105.587,0.6491146570758526,0.5429535920349624,0.5732669458891245,-0.22853676310212773,0.809477696047826,1.3080001742054554
105.837,0.649201443721237,0.5433885525271082,0.5732668394314204,-0.2285304447094731,0.8098620434431996,1.3105211972061275
106.087,0.6481932827622799,0.5370376311910776,0.5732666818401677,-0.22852366945145872,0.8057864640061454,1.2840337044165533
106.337,0.6490113165362121,0.5425580883313239,0.5732665226307164,-0.22851795092658772,0.809018210207557,1.3050833736373277
106.587,0.6492822775176086,0.5451162560492367,0.5732663200544661,-0.22851170789737174,0.8099260985287073,1.3110492753767318
106.837,0.649119038208068,0.5429517343986997,0.573266132285035,-0.22850637467186502,0.8095485549391521,1.308625140103051
107.087,0.64870419758757,0.5415439515517037,0.5732659111726944,-0.22850046916431915,0.8075869560176812,1.2958962658449809
107.337,0.6490248701701472,0.5439403033452461,0.5732657096907259,-0.2284954086084779,0.8088043054059617,1.3038489764733463
107.587,0.6489685727827481,0.5441425262624621,0.5732654730439783,-0.22848980469673755,0.8084605635527491,1.30168081149207
107.837,0.6493414827569836,0.546032530464805,0.573265257833554,-0.22848500875866182,0.8100917761572393,1.3123286926552948
108.087,0.6491703491802592,0.5435800816847596,0.5732650057542831,-0.22847970322327132,0.8097409250579063,1.310081901798972
108.337,0.6497194512416413,0.5476135522824191,0.5732647769561602,-0.2284751665864249,0.8118366349948417,1.3237538853181587
108.587,0.6494230209074412,0.5463487212909761,0.5732645098535846,-0.2284701509502459,0.8105113371313759,1.3152062715704376
108.837,0.649471123921112,0.5482174165236209,0.5732642688464502,-0.22846586006571057,0.8103395075967746,1.3141267337736569
109.087,0.6489564658450019,0.5433764024863332,0.5732639886328554,-0.22846111511271688,0.8086522949636836,1.3031872143507959
109.337,0.649402816296282,0.5466824000772874,0.5732637362785394,-0.22845706091191034,0.8103522320280625,1.3142881571860814
109.587,0.6500298739635626,0.5485360163797969,0.5732634427288604,-0.22845258853618988,0.8134198323995263,1.3343310631972762
109.837,0.6495533009042587,0.5468975081668411,0.5732631791386443,-0.2284487686407556,0.8111726876506726,1.3197494917355095
110.087,0.6491216048873667,0.5446662445115391,0.5732628738241329,-0.22844455353559756,0.809318730791091,1.3077264375966626
110.337,0.649417863158839,0.5460252652582621,0.5732626004264879,-0.22844095451658125,0.810653124108444,1.3164525297232033
110.587,0.6492824406157975,0.5449715943323664,0.5732622844360736,-0.22843698420472955,0.8101767017186978,1.3134378599351464
110.837,0.6489389894710067,0.5424706074303033,0.5732620023360058,-0.22843359690545234,0.8088794805131643,1.3050386368275113
111.087,0.649528708397413,0.545700899213114,0.5732616764806482,-0.22842986693317563,0.811397672019058,1.3214720114051794
111.337,0.6494293858597482,0.5467377649831855,0.5732613858938873,-0.22842668706036914,0.810607565243001,1.3163740472615046
111.587,0.6490052307475334,0.5438037989637244,0.5732610510214302,-0.22842318384440866,0.8089776146579092,1.3058547268415415
111.837,0.6496613980783779,0.5462874316363802,0.573260753023065,-0.22842019654055132,0.8120459526705355,1.3258723233874292
112.087,0.648946766214909,0.5435148395855695,0.5732604102570227,-0.22841690567376688,0.8087482039918223,1.304452256126002
112.337,0.6489193906051208,0.5423409785342194,0.573260105120656,-0.22841410639357987,0.8088917868598804,1.3054328018611454
112.587,0.6491634596287283,0.5458286367996333,0.5732597549130362,-0.22841102568426003,0.8094367683327562,1.3090733556086618
112.837,0.6493857944357853,0.546254066345227,0.5732594443685963,-0.22840840154548356,0.810585724281697,1.3165999918420885
113.087,0.6494184548852886,0.5462012741907666,0.5732590883846524,-0.22840551218955632,0.8107940685835837,1.3180036884797208
113.337,0.6497002625835762,0.5484151863964817,0.5732587730906421,-0.22840304873227874,0.8118437483776303,1.3248851359299652
113.587,0.6488160678616401,0.5438441325420295,0.5732584120835718,-0.22840033817211083,0.808048323111703,1.3002700503513904
113.837,0.6486497217808106,0.5407331293651594,0.5732580923224018,-0.22839803244761273,0.8078847171374065,1.2992525411894613
114.087,0.649118066086311,0.5443728795103965,0.5732577272190016,-0.22839549136695694,0.8096301571639486,1.3106652252087647
114.337,0.648686960221442,0.5425521927927239,0.5732574050014813,-0.2283933211538351,0.8076824617153417,1.2980313399120507
114.587,0.6491554657323361,0.5458934349811713,0.5732570393613534,-0.22839092533474406,0.8095136056343684,1.3100511229669005
114.837,0.6490155539913327,0.5443145050419322,0.5732567175920684,-0.2283888756191396,0.8091285009361433,1.3075915434680427
115.087,0.6477651071346904,0.5355484601100284,0.5732563516624648,-0.2283866092998509,0.8042905913935878,1.2761346460975305
115.337,0.6494771460512103,0.5488151669894562,0.573256030161284,-0.2283846615582983,0.8106437137291134,1.317555379694597
115.587,0.648885501601616,0.5431218428451946,0.5732556657797754,-0.22838249108149222,0.80874629866121,1.3052946825898748
115.837,0.6490597725045929,0.5458562824341952,0.5732553469428356,-0.2283806099936791,0.809072946872966,1.3074698349223917
116.087,0.649219004108013,0.5445108282314162,0.5732549864542217,-0.2283785002945019,0.8102961917534143,1.3154844366942693
116.337,0.6491048559018722,0.5447177613427796,0.5732546698934307,-0.22837667829063393,0.8096250387822088,1.3111607190081844
